id,style,noise_level,pure_lattice,sparse_landmarks,seed,pred_x,pred_y,true_x,true_y,error_px,runtime_ms,confidence,psr,peak_margin,ambiguous,ambig_x,ambig_y,n_candidates,centre_rule_applied,theta_deg,scale,drift_px,source
pair_0001,dram,low,False,False,42,572.974097997494,384.0883768078176,573.0275,384.0805,0.05397979226569247,455.0652500001888,0.8291987180709839,3.9936978816986084,1.0,False,False,False,2,False,-1.93631,0.971435,137.005,import
pair_0002,dram,low,False,False,42,542.3801066348735,577.2813127847069,542.4033,577.2934,0.026154023771310105,348.0862079995859,0.9301097989082336,3.8361833095550537,1.0,False,False,False,1,False,1.40534,0.992523,88.161,import
pair_0003,dram,low,False,False,42,701.5955273621573,438.4487807569417,701.5831,438.3854,0.06458761243993652,357.75583299982827,0.942287027835846,3.9761648178100586,1.0,False,False,False,1,False,-1.00043,1.000382,210.789,import
pair_0004,dram,low,False,False,42,540.2464797130053,502.4593450925794,540.2006,502.5437,0.09602446808700144,421.94991699943785,0.9376442432403564,3.4241738319396973,1.0,False,False,False,1,False,-1.11889,0.976763,40.281,import
pair_0005,dram,low,False,False,42,499.41701840353767,480.8748495527537,499.3634,480.8961,0.05767594564543089,348.81775000030757,0.8912322521209717,3.950597047805786,1.0,False,False,False,1,False,0.42469,0.990057,19.115,import
pair_0006,dram,low,False,False,42,804.1618872642053,539.2847105400817,804.0496,539.3429,0.1264691383234945,350.6935000004887,0.9113520979881287,5.1833271980285645,1.0,False,False,False,1,False,1.60359,0.994514,306.584,import
pair_0007,dram,low,False,False,42,539.1662280002486,568.8124301491958,539.1626,568.7785,0.034123560925781726,422.69191599916667,0.8693991303443909,3.7832133769989014,0.5027709142252029,False,False,False,5,False,-1.27017,0.975481,79.147,import
pair_0008,dram,low,False,False,42,560.088067840711,503.607006488205,560.0617,503.711,0.10728426501226267,382.45166599881486,0.9431182146072388,3.8484370708465576,1.0,False,False,False,1,False,0.63088,0.993663,60.176,import
pair_0009,dram,low,False,False,42,517.2288086558322,496.58410259729686,517.169,496.5887,0.05998509334881516,364.58391699852655,0.9203611612319946,2.86312198638916,1.0,False,False,False,2,False,0.78302,1.024642,17.505,import
pair_0010,dram,low,False,False,42,439.1056199245886,433.37891323381746,439.13,433.353,0.035579260306288295,381.40808399839443,0.8383146524429321,4.067409992218018,1.0,False,False,False,2,False,0.19551,0.986052,90.261,import
pair_0011,dram,low,False,False,42,497.3369398066072,489.0810120338037,497.3373,489.0393,0.041713588952739813,346.22933300124714,0.8840431571006775,3.785414457321167,1.0,False,False,False,2,False,1.23713,1.010607,11.279,import
pair_0012,dram,low,False,False,42,369.5611787775486,466.9236032758976,369.5956,466.9387,0.0375863224281206,347.89974999875994,0.9252082109451294,3.525418281555176,1.0,False,False,False,1,False,0.85816,1.014802,134.53,import
pair_0013,dram,low,False,False,42,503.5171741975674,569.6213759186747,503.4795,569.6072,0.04025297296623423,393.40016700225533,0.931499719619751,3.3887317180633545,1.0,False,False,False,2,False,0.43193,0.984886,69.694,import
pair_0014,dram,low,False,False,42,379.91594334133265,505.55186319065103,379.91,505.5326,0.020159211796448525,350.1046250021318,0.9080400466918945,3.2636032104492188,1.0,False,False,False,3,False,-0.8785,1.010025,120.217,import
pair_0015,dram,low,False,False,42,629.7571873511198,513.9253884478414,629.7783,514.0547,0.1310237438955185,382.07245899684494,0.8967068791389465,3.3281993865966797,1.0,False,False,False,2,False,1.03007,0.987078,130.537,import
pair_0016,dram,low,False,False,42,266.73480814108484,646.7452310571423,266.7391,646.8213,0.07618992138353735,347.1605000013369,0.9345268607139587,3.2783448696136475,1.0,False,False,False,3,False,-0.93759,1.010185,275.621,import
pair_0017,dram,low,False,False,42,505.9439942137051,501.5403336377473,505.9905,501.5366,0.04665541993955691,408.44600000127684,0.9268901944160461,3.1078271865844727,1.0,True,True,False,3,False,1.43234,0.991702,6.184,import
pair_0018,dram,low,False,False,42,739.0897346455479,544.0133273245876,739.1384,543.9924,0.05297423560894959,352.21016699870233,0.9288143515586853,3.1735126972198486,1.0,False,False,False,1,False,1.07165,1.028816,243.151,import
pair_0019,dram,low,False,False,42,567.6983112254634,451.4692050185465,567.7467,451.4362,0.05857307188815902,374.4136659988726,0.9221595525741577,3.1592204570770264,1.0,False,False,False,2,False,0.33048,1.007787,83.355,import
pair_0020,dram,low,False,False,42,536.7371651285341,520.6196762903933,536.7556,520.5775,0.046029164203805796,420.5303749986342,0.7965700030326843,4.356100082397461,1.0,False,False,False,1,False,1.88038,0.971983,42.124,import
pair_0021,dram,low,False,False,42,626.4634437709483,511.6117038003284,626.4984,511.7053,0.09991089301210873,347.60095800083946,0.9133889079093933,3.3578739166259766,1.0,False,False,False,2,False,-1.35549,1.001105,127.039,import
pair_0022,dram,low,False,False,42,826.5533274140905,425.79180669551704,486.941,426.1028,339.6124698070595,421.88537499896483,0.885055661201477,3.677517890930176,1.0,False,False,False,3,False,0.03521,0.97116,75.042,import
pair_0023,dram,low,False,False,42,714.5418664974221,62.17201633628521,641.861,530.2708,473.70769428231307,360.4577500009327,0.8403831720352173,3.7878265380859375,0.3189443581256052,False,False,False,8,False,-0.16294,1.026367,145.055,import
pair_0024,dram,low,False,False,42,488.9028181283714,612.8333729293745,488.8137,612.892,0.10667321226323787,420.4314170019643,0.8824523091316223,3.5427448749542236,1.0,False,False,False,1,False,0.08584,0.970551,113.445,import
pair_0025,dram,low,False,False,42,521.1085350712472,555.0237520458886,521.1065,554.931,0.09277436893613013,349.58308299974306,0.8821528553962708,3.762258768081665,1.0,False,False,False,1,False,-1.91347,0.992594,58.846,import
pair_0026,dram,low,False,False,42,376.28127157330715,580.3330922582516,376.2805,580.3392,0.006156284158001051,351.6081250018033,0.9488754868507385,3.8673908710479736,1.0,False,False,False,1,False,0.73123,0.993111,147.516,import
pair_0027,dram,low,False,False,42,691.3880294052152,417.28460531849305,691.3716,417.2697,0.022183189020214,353.00004099917714,0.8771108388900757,3.9132370948791504,1.0,False,False,False,1,False,1.82411,1.028144,208.488,import
pair_0028,dram,low,False,False,42,210.0932804278754,549.2177702457329,210.007,549.161,0.10328200731467113,353.73270900163334,0.9063003659248352,4.023262023925781,1.0,False,False,False,1,False,-1.52726,1.028438,294.131,import
pair_0029,dram,low,False,False,42,459.28594303871387,415.5077793202433,391.1863,413.0464,68.14411031159163,420.3784999990603,0.8758639693260193,3.735997438430786,0.5082495450070114,True,True,False,9,False,-1.97542,0.975951,139.289,import
pair_0030,dram,low,False,False,42,452.56201160280835,497.50047784528414,452.5823,497.4161,0.08678271622508509,420.6500420004886,0.9213070273399353,2.961941719055176,0.9373640322465898,False,False,False,6,False,0.64033,0.973016,47.488,import
pair_0001,dram,medium,False,False,42,572.9720481865647,384.0249687594917,573.0275,384.0805,0.07847689013749388,419.64008399736485,0.8222519159317017,3.990328311920166,1.0,False,False,False,2,False,-1.93631,0.971435,137.005,import
pair_0002,dram,medium,False,False,42,542.3795437111906,577.2382409500058,542.4033,577.2934,0.06005732306936647,346.3873330001661,0.9267815351486206,3.840926170349121,1.0,False,False,False,1,False,1.40534,0.992523,88.161,import
pair_0003,dram,medium,False,False,42,701.5858658269069,438.4469105608535,701.5831,438.3854,0.06157271225949381,349.9137079998036,0.9379832744598389,3.8040482997894287,1.0,False,False,False,1,False,-1.00043,1.000382,210.789,import
pair_0004,dram,medium,False,False,42,540.2319014058702,502.4966121941723,540.2006,502.5437,0.05654236877878153,427.73604200192494,0.9348230957984924,3.426394462585449,1.0,False,False,False,1,False,-1.11889,0.976763,40.281,import
pair_0005,dram,medium,False,False,42,499.4013720545618,480.87402822547875,499.3634,480.8961,0.04392083967959931,352.19170799973654,0.8888465166091919,3.9595115184783936,1.0,False,False,False,1,False,0.42469,0.990057,19.115,import
pair_0006,dram,medium,False,False,42,804.1637222798979,539.2037368538822,804.0496,539.3429,0.17997298687991897,352.11791699839523,0.9083364605903625,5.186676979064941,1.0,False,False,False,1,False,1.60359,0.994514,306.584,import
pair_0007,dram,medium,False,False,42,539.2030992783418,568.8034780557891,539.1626,568.7785,0.04758250536923343,421.3442920008674,0.8660534024238586,3.797030210494995,1.0,False,False,False,3,False,-1.27017,0.975481,79.147,import
pair_0008,dram,medium,False,False,42,560.0826085985145,503.5418174967367,560.0617,503.711,0.170469612841349,384.3486670011771,0.9410931468009949,3.854124069213867,1.0,False,False,False,1,False,0.63088,0.993663,60.176,import
pair_0009,dram,medium,False,False,42,517.213263843765,496.5623119728073,517.169,496.5887,0.0515326677359184,352.0680839974375,0.9166333079338074,2.8627753257751465,1.0,False,False,False,3,False,0.78302,1.024642,17.505,import
pair_0010,dram,medium,False,False,42,439.0772429039915,433.346657138406,439.13,433.353,0.05313702167465825,383.8792500027921,0.8281159996986389,4.043691158294678,1.0,False,False,False,2,False,0.19551,0.986052,90.261,import
pair_0011,dram,medium,False,False,42,497.35406667141933,489.03512273897536,497.3373,489.0393,0.01727920079607606,349.9287919985363,0.878460168838501,3.7842745780944824,1.0,False,False,False,2,False,1.23713,1.010607,11.279,import
pair_0012,dram,medium,False,False,42,369.5498282024395,466.9528637974195,369.5956,466.9387,0.047913156953573496,349.08283299955656,0.9192533493041992,3.517874240875244,1.0,False,False,False,2,False,0.85816,1.014802,134.53,import
pair_0013,dram,medium,False,False,42,503.53349917765297,569.619066688024,503.4795,569.6072,0.05528769729204883,382.369083003141,0.9262851476669312,3.3891966342926025,1.0,False,False,False,2,False,0.43193,0.984886,69.694,import
pair_0014,dram,medium,False,False,42,379.9279072338099,505.552065607931,379.91,505.5326,0.02644955415210238,362.94454200105974,0.9050796031951904,3.2704787254333496,1.0,False,False,False,3,False,-0.8785,1.010025,120.217,import
pair_0015,dram,medium,False,False,42,629.7727767245257,513.9311371825215,629.7783,514.0547,0.12368620147449748,383.45100000151433,0.8894616961479187,3.323063373565674,1.0,False,False,False,2,False,1.03007,0.987078,130.537,import
pair_0016,dram,medium,False,False,42,266.7373969452368,646.7144754129534,266.7391,646.8213,0.10683816168945645,350.68733300067834,0.9306627511978149,3.284456729888916,1.0,False,False,False,3,False,-0.93759,1.010185,275.621,import
pair_0017,dram,medium,False,False,42,505.92965111691785,501.50364546592886,505.9905,501.5366,0.06919962346857182,383.15391699870816,0.9240638017654419,3.1118061542510986,1.0,True,True,False,3,False,1.43234,0.991702,6.184,import
pair_0018,dram,medium,False,False,42,739.0906902260664,544.0397160917091,739.1384,543.9924,0.06719401062170409,350.7220829997095,0.9244548678398132,3.1723568439483643,1.0,False,False,False,1,False,1.07165,1.028816,243.151,import
pair_0019,dram,medium,False,False,42,567.6917234407546,451.49807548260384,567.7467,451.4362,0.08277075216481539,347.3089170001913,0.9176187515258789,3.155226469039917,1.0,False,False,False,2,False,0.33048,1.007787,83.355,import
pair_0020,dram,medium,False,False,42,536.7745591723977,520.6206911318544,536.7556,520.5775,0.047169100997109754,418.936833000771,0.7986633777618408,4.408382892608643,1.0,False,False,False,1,False,1.88038,0.971983,42.124,import
pair_0021,dram,medium,False,False,42,626.4688366727595,511.57317343080814,626.4984,511.7053,0.13539357667165536,351.1893329996383,0.9120449423789978,3.371311664581299,1.0,False,False,False,2,False,-1.35549,1.001105,127.039,import
pair_0022,dram,medium,False,False,42,826.6013522635383,425.7978587657759,486.941,426.1028,339.6604891490137,421.1144580003747,0.876928985118866,3.6660044193267822,0.8025953539592542,False,False,False,4,False,0.03521,0.97116,75.042,import
pair_0023,dram,medium,False,False,42,641.8549255254783,530.2702704696319,641.861,530.2708,0.006097511223906515,351.5840840009332,0.8380440473556519,3.8116602897644043,0.44717294064431823,False,False,False,6,False,-0.16294,1.026367,145.055,import
pair_0024,dram,medium,False,False,42,488.88173880213094,612.872299156317,488.8137,612.892,0.0708336208113003,437.9229999976815,0.8765872120857239,3.532400369644165,1.0,False,False,False,1,False,0.08584,0.970551,113.445,import
pair_0025,dram,medium,False,False,42,521.0999264333384,555.0692582088243,521.1065,554.931,0.13841439262571445,348.8315419999708,0.8815220594406128,3.787122964859009,1.0,False,False,False,1,False,-1.91347,0.992594,58.846,import
pair_0026,dram,medium,False,False,42,376.2657991669691,580.3621116195139,376.2805,580.3392,0.02722235846789434,346.68008299922803,0.9466367959976196,3.871790647506714,1.0,False,False,False,1,False,0.73123,0.993111,147.516,import
pair_0027,dram,medium,False,False,42,691.3832290987784,417.2744071986186,691.3716,417.2697,0.012545662885415133,350.8247499994468,0.8717083930969238,3.9109678268432617,1.0,False,False,False,1,False,1.82411,1.028144,208.488,import
pair_0028,dram,medium,False,False,42,210.0835491278889,549.1767881664343,210.007,549.161,0.07816031716867822,351.6994580022583,0.9052103161811829,4.036183834075928,1.0,False,False,False,1,False,-1.52726,1.028438,294.131,import
pair_0029,dram,medium,False,False,42,459.2703716502918,415.47594715151564,391.1863,413.0464,68.1274064664398,421.39104200032307,0.8697181940078735,3.740128993988037,0.16586484801367068,True,True,False,8,True,-1.97542,0.975951,139.289,import
pair_0030,dram,medium,False,False,42,452.5501439943198,497.50295609053825,452.5823,497.4161,0.09261743445430218,427.33824999959324,0.9160330295562744,2.9590773582458496,0.9498406128632612,False,False,False,5,False,0.64033,0.973016,47.488,import
pair_0001,dram,high,False,False,42,572.9839300722564,384.08648976478383,573.0275,384.0805,0.043979721301443224,423.0845829988539,0.8041278719902039,3.991007089614868,1.0,False,False,False,2,False,-1.93631,0.971435,137.005,import
pair_0002,dram,high,False,False,42,542.3766681018992,577.3066164134225,542.4033,577.2934,0.02973098686894508,359.23729200294474,0.9191101789474487,3.846177577972412,1.0,False,False,False,1,False,1.40534,0.992523,88.161,import
pair_0003,dram,high,False,False,42,701.6263197379161,438.51298881448696,701.5831,438.3854,0.13471024952737767,349.7662500012666,0.9338605403900146,3.8246586322784424,1.0,False,False,False,1,False,-1.00043,1.000382,210.789,import
pair_0004,dram,high,False,False,42,540.231990431791,502.49324689224784,540.2006,502.5437,0.05942116870171202,434.96199999935925,0.9259625673294067,3.4289119243621826,1.0,False,False,False,1,False,-1.11889,0.976763,40.281,import
pair_0005,dram,high,False,False,42,499.4423716074771,480.88585932287907,499.3634,480.8961,0.0796328214708887,384.35383300020476,0.8817707300186157,3.9819931983947754,1.0,False,False,False,1,False,0.42469,0.990057,19.115,import
pair_0006,dram,high,False,False,42,804.0989862321726,539.30390570298,804.0496,539.3429,0.06292499605307147,348.2249589978892,0.9030715227127075,5.2143025398254395,1.0,False,False,False,1,False,1.60359,0.994514,306.584,import
pair_0007,dram,high,False,False,42,539.1847682955909,568.7597838275605,539.1626,568.7785,0.02901255659521946,420.4640410025604,0.8577734231948853,3.813265800476074,1.0,False,False,False,3,False,-1.27017,0.975481,79.147,import
pair_0008,dram,high,False,False,42,560.1099305248374,503.5635870390818,560.0617,503.711,0.1551024325172302,381.02075000279,0.9344478249549866,3.8659205436706543,1.0,False,False,False,1,False,0.63088,0.993663,60.176,import
pair_0009,dram,high,False,False,42,517.2386486513496,496.57790426307065,517.169,496.5887,0.0704803701088148,351.31587499927264,0.909203052520752,2.8674890995025635,1.0,False,False,False,2,False,0.78302,1.024642,17.505,import
pair_0010,dram,high,False,False,42,439.0999775805714,433.36302588460836,439.13,433.353,0.03165223579030967,382.90062499800115,0.8255248665809631,4.076772689819336,1.0,False,False,False,2,False,0.19551,0.986052,90.261,import
pair_0011,dram,high,False,False,42,497.3709995001545,489.0854567441343,497.3373,489.0393,0.0571498148705555,347.9039580015524,0.8690095543861389,3.7983758449554443,1.0,False,False,False,2,False,1.23713,1.010607,11.279,import
pair_0012,dram,high,False,False,42,369.59770842725544,466.8810926648012,369.5956,466.9387,0.057645906482562195,347.24191699933726,0.9137681722640991,3.5401723384857178,1.0,False,False,False,1,False,0.85816,1.014802,134.53,import
pair_0013,dram,high,False,False,42,503.487737017597,569.6338211889704,503.4795,569.6072,0.02786639842335093,382.343375000346,0.9173552393913269,3.3932759761810303,1.0,False,False,False,2,False,0.43193,0.984886,69.694,import
pair_0014,dram,high,False,False,42,379.90290572245715,505.5546220858065,379.91,505.5326,0.02313657358219024,354.57020799731254,0.8969205617904663,3.2829477787017822,1.0,False,False,False,3,False,-0.8785,1.010025,120.217,import
pair_0015,dram,high,False,False,42,629.7751122120001,513.9738436338716,629.7783,514.0547,0.08091918150735293,382.01487500191433,0.8756112456321716,3.3141534328460693,1.0,False,False,False,2,False,1.03007,0.987078,130.537,import
pair_0016,dram,high,False,False,42,266.7143827904399,646.7457633421125,266.7391,646.8213,0.07947784051701605,346.6587500006426,0.9244424104690552,3.2950947284698486,1.0,False,False,False,3,False,-0.93759,1.010185,275.621,import
pair_0017,dram,high,False,False,42,505.9688186989914,501.5065019087605,505.9905,501.5366,0.037094122306448964,385.79041699995287,0.9154902696609497,3.1147665977478027,1.0,True,True,False,3,False,1.43234,0.991702,6.184,import
pair_0018,dram,high,False,False,42,739.0905846945109,543.9958597194606,739.1384,543.9924,0.04794030765199796,354.8181670012127,0.9189846515655518,3.1873621940612793,1.0,False,False,False,1,False,1.07165,1.028816,243.151,import
pair_0019,dram,high,False,False,42,567.6998867758681,451.4565026052458,567.7467,451.4362,0.05102620633944021,348.763833000703,0.9110504984855652,3.166856050491333,1.0,False,False,False,2,False,0.33048,1.007787,83.355,import
pair_0020,dram,high,False,False,42,536.7289599890528,520.4910143122218,536.7556,520.5775,0.09049565941933432,420.59204199904343,0.7851676344871521,4.410655498504639,1.0,False,False,False,1,False,1.88038,0.971983,42.124,import
pair_0021,dram,high,False,False,42,626.4524835474955,511.6223352494222,626.4984,511.7053,0.0948233644680356,348.20212500198977,0.9003169536590576,3.365354061126709,1.0,False,False,False,2,False,-1.35549,1.001105,127.039,import
pair_0022,dram,high,False,False,42,826.5955220156535,425.78808093245044,486.941,426.1028,339.6546678227366,421.667124999658,0.8673984408378601,3.685852289199829,1.0,False,False,False,3,False,0.03521,0.97116,75.042,import
pair_0023,dram,high,False,False,42,713.2418880229496,530.502119387611,641.861,530.2708,71.3812628327908,350.5424579998362,0.8281417489051819,3.878793239593506,0.8370136532238971,False,False,False,5,False,-0.16294,1.026367,145.055,import
pair_0024,dram,high,False,False,42,488.8613763228344,612.8564945700041,488.8137,612.892,0.05944465760866586,422.6291660015704,0.867849588394165,3.5538973808288574,1.0,False,False,False,1,False,0.08584,0.970551,113.445,import
pair_0025,dram,high,False,False,42,521.1251388216406,555.0789911476485,521.1065,554.931,0.14916026768027843,354.24891600268893,0.8695163130760193,3.792112112045288,1.0,False,False,False,1,False,-1.91347,0.992594,58.846,import
pair_0026,dram,high,False,False,42,376.281647317888,580.3315938569342,376.2805,580.3392,0.00769218763899072,347.44879199934076,0.9412271976470947,3.8888630867004395,1.0,False,False,False,1,False,0.73123,0.993111,147.516,import
pair_0027,dram,high,False,False,42,691.3819554122067,417.2770920223577,691.3716,417.2697,0.012723071818888893,352.57904100217274,0.861004650592804,3.92543888092041,1.0,False,False,False,1,False,1.82411,1.028144,208.488,import
pair_0028,dram,high,False,False,42,210.1088534898725,549.2302976371532,210.007,549.161,0.12319210978884577,351.96875000110595,0.8976151943206787,4.043993949890137,1.0,False,False,False,1,False,-1.52726,1.028438,294.131,import
pair_0029,dram,high,False,False,42,459.2676646470241,415.48132275116205,391.1863,413.0464,68.1248931082111,432.34654199841316,0.8527911901473999,3.753831624984741,0.44194222378939946,True,True,False,7,True,-1.97542,0.975951,139.289,import
pair_0030,dram,high,False,False,42,452.576946565596,497.50324539314937,452.5823,497.4161,0.0873096718988267,427.08850000053644,0.9080732464790344,2.9666874408721924,0.9450577094445652,False,False,False,5,False,0.64033,0.973016,47.488,import
pair_0001,finfet,low,False,False,42,573.0154791560412,383.90262711753167,573.0275,384.0805,0.1782786106269226,420.0554999988526,0.7316809892654419,4.44210958480835,1.0,False,False,False,1,False,-1.93631,0.971435,137.005,import
pair_0002,finfet,low,False,False,42,542.4034041928035,577.2259729008241,542.4033,577.2934,0.06742717967866589,348.8552919989161,0.8699197173118591,4.7573699951171875,1.0,False,False,False,1,False,1.40534,0.992523,88.161,import
pair_0003,finfet,low,False,False,42,701.5918419434223,438.59053321176634,701.5831,438.3854,0.20531940031174117,348.1016669975361,0.9414068460464478,5.1065826416015625,1.0,False,False,False,1,False,-1.00043,1.000382,210.789,import
pair_0004,finfet,low,False,False,42,540.2506849861718,502.52230219793773,540.2006,502.5437,0.05446440831335291,423.17191700203693,0.9342828392982483,4.4216508865356445,1.0,False,False,False,1,False,-1.11889,0.976763,40.281,import
pair_0005,finfet,low,False,False,42,499.4075027347421,480.7752140056,499.3634,480.8961,0.12867973754171896,353.0898339995474,0.8235462307929993,5.191155910491943,1.0,False,False,False,1,False,0.42469,0.990057,19.115,import
pair_0006,finfet,low,False,False,42,804.0540749235154,539.4193168549999,804.0496,539.3429,0.07654776723424976,381.27158299903385,0.9204472899436951,5.101311206817627,1.0,False,False,False,1,False,1.60359,0.994514,306.584,import
pair_0007,finfet,low,False,False,42,539.1465266631599,568.7241025888784,539.1626,568.7785,0.056722398520424225,420.0654999986,0.8213730454444885,4.644711971282959,1.0,False,False,False,2,False,-1.27017,0.975481,79.147,import
pair_0008,finfet,low,False,False,42,560.1820489056427,503.6844999267221,560.0617,503.711,0.12323194785901834,348.8628340019204,0.9380567073822021,5.236570358276367,1.0,False,False,False,1,False,0.63088,0.993663,60.176,import
pair_0009,finfet,low,False,False,42,517.1653598443768,496.5713798510309,517.169,496.5887,0.01769853929775318,349.81320799852256,0.8749806880950928,4.797908782958984,1.0,False,False,False,1,False,0.78302,1.024642,17.505,import
pair_0010,finfet,low,False,False,42,439.155540687697,433.36275640738955,439.13,433.353,0.027340706157424108,382.1450840005127,0.7297439575195312,4.9388203620910645,1.0,False,False,False,1,False,0.19551,0.986052,90.261,import
pair_0011,finfet,low,False,False,42,497.29906010840216,489.1477406258757,497.3373,489.0393,0.11498547147238851,350.54500000114786,0.8825384974479675,4.251936912536621,1.0,False,False,False,1,False,1.23713,1.010607,11.279,import
pair_0012,finfet,low,False,False,42,369.58842870220946,466.9012482758555,369.5956,466.9387,0.03813212757499172,347.66762499930337,0.8842687606811523,5.182958126068115,1.0,False,False,False,1,False,0.85816,1.014802,134.53,import
pair_0013,finfet,low,False,False,42,503.50418524696374,569.5998881128817,503.4795,569.6072,0.025745390090150085,383.45124999978,0.9340957403182983,4.535207271575928,1.0,False,False,False,1,False,0.43193,0.984886,69.694,import
pair_0014,finfet,low,False,False,42,62.624422561028126,500.7132047564028,379.91,505.5326,317.3221773234513,348.24770799968974,0.8756141662597656,4.650794506072998,1.0,False,False,False,3,False,-0.8785,1.010025,120.217,import
pair_0015,finfet,low,False,False,42,629.845563537143,513.876323079166,629.7783,514.0547,0.1906376387684699,388.8012500028708,0.8204988837242126,4.78116512298584,1.0,False,False,False,1,False,1.03007,0.987078,130.537,import
pair_0016,finfet,low,False,False,42,266.70696299410906,646.8743180636291,266.7391,646.8213,0.061997598490708246,347.2707500004617,0.8897453546524048,4.328704357147217,1.0,False,False,False,1,False,-0.93759,1.010185,275.621,import
pair_0017,finfet,low,False,False,42,903.3065424600496,491.7356785744211,505.9905,501.5366,397.4369077689015,379.50112499675015,0.9056262969970703,4.211548328399658,1.0,False,False,False,2,False,1.43234,0.991702,6.184,import
pair_0018,finfet,low,False,False,42,739.1310756041541,543.9928572912206,739.1384,543.9924,0.007338657218312879,350.4240420006681,0.897011399269104,5.015243053436279,1.0,False,False,False,1,False,1.07165,1.028816,243.151,import
pair_0019,finfet,low,False,False,42,326.03166946660156,452.82145442150306,567.7467,451.4362,241.71899990603563,350.968249997095,0.9222390651702881,4.274773120880127,1.0,False,False,False,3,False,0.33048,1.007787,83.355,import
pair_0020,finfet,low,False,False,42,536.7228843437842,520.7761539199694,536.7556,520.5775,0.2013298141876379,422.8502080004546,0.672073483467102,5.0001220703125,1.0,False,False,False,1,False,1.88038,0.971983,42.124,import
pair_0021,finfet,low,False,False,42,626.4711187619192,511.7237665943215,626.4984,511.7053,0.03294360419035014,346.9237499994051,0.8987497091293335,4.150833606719971,1.0,False,False,False,1,False,-1.35549,1.001105,127.039,import
pair_0022,finfet,low,False,False,42,346.47678942063925,426.2527856009298,486.941,426.1028,140.46429065553806,421.90525000114576,0.8439218997955322,3.9438116550445557,0.9314215243323729,False,False,False,4,False,0.03521,0.97116,75.042,import
pair_0023,finfet,low,False,False,42,641.7896462928322,530.3910634606226,641.861,530.2708,0.13983794723716786,351.9752089996473,0.7913171648979187,4.629388332366943,1.0,False,False,False,2,False,-0.16294,1.026367,145.055,import
pair_0024,finfet,low,False,False,42,488.97037343073333,612.9843281424568,488.8137,612.892,0.18185447420194617,420.99708300156635,0.8394573330879211,4.016814708709717,1.0,False,False,False,1,False,0.08584,0.970551,113.445,import
pair_0025,finfet,low,False,False,42,521.0325155584617,554.9376280889884,521.1065,554.931,0.0742807455089923,364.6502080009668,0.8687373399734497,4.8142194747924805,1.0,False,False,False,1,False,-1.91347,0.992594,58.846,import
pair_0026,finfet,low,False,False,42,376.2676171349744,580.1844485220646,376.2805,580.3392,0.15528679317463245,355.4633330022625,0.9309182167053223,4.793644428253174,1.0,False,False,False,1,False,0.73123,0.993111,147.516,import
pair_0027,finfet,low,False,False,42,691.3799275046741,417.3048108952325,691.3716,417.2697,0.036084931732311816,352.52070799833746,0.8939869999885559,4.643802642822266,1.0,False,False,False,1,False,1.82411,1.028144,208.488,import
pair_0028,finfet,low,False,False,42,210.12226925988594,549.0527919939485,210.007,549.161,0.15810115384865742,358.62004199952935,0.8578442931175232,5.440593242645264,1.0,False,False,False,1,False,-1.52726,1.028438,294.131,import
pair_0029,finfet,low,False,False,42,566.2965645508409,419.28772534328425,391.1863,413.0464,175.22145671437104,421.6521670023212,0.7919113039970398,5.348282814025879,0.15006461923976205,True,True,False,8,True,-1.97542,0.975951,139.289,import
pair_0030,finfet,low,False,False,42,452.5969544948426,497.3885751967096,452.5823,497.4161,0.031182832059724518,420.0492090021726,0.8954727053642273,3.8291525840759277,1.0,False,False,False,2,False,0.64033,0.973016,47.488,import
pair_0001,finfet,medium,False,False,42,573.0168824593128,383.92237981715914,573.0275,384.0805,0.1584762581330825,420.1339170031133,0.7251343727111816,4.433035850524902,1.0,False,False,False,1,False,-1.93631,0.971435,137.005,import
pair_0002,finfet,medium,False,False,42,542.4079142439638,577.2464532443001,542.4033,577.2934,0.04717297020648321,347.45720800128765,0.8743061423301697,4.808017730712891,1.0,False,False,False,1,False,1.40534,0.992523,88.161,import
pair_0003,finfet,medium,False,False,42,701.604367266971,438.5689490147599,701.5831,438.3854,0.1847769938702912,349.2668330000015,0.9361984729766846,5.098557949066162,1.0,False,False,False,1,False,-1.00043,1.000382,210.789,import
pair_0004,finfet,medium,False,False,42,540.2440782148265,502.54902946118943,540.2006,502.5437,0.04380363365138372,420.1344590001099,0.931006669998169,4.439919471740723,1.0,False,False,False,1,False,-1.11889,0.976763,40.281,import
pair_0005,finfet,medium,False,False,42,499.42170810297074,480.76287704452614,499.3634,480.8961,0.14542417521593032,352.62149999834946,0.8182686567306519,5.189353942871094,1.0,False,False,False,1,False,0.42469,0.990057,19.115,import
pair_0006,finfet,medium,False,False,42,804.0575457306747,539.3793131096697,804.0496,539.3429,0.037269950251860036,348.0366250005318,0.9192983508110046,5.098726749420166,1.0,False,False,False,1,False,1.60359,0.994514,306.584,import
pair_0007,finfet,medium,False,False,42,539.142889978514,568.7094868250119,539.1626,568.7785,0.07177258020243343,419.65895799876307,0.8236607313156128,4.6864776611328125,1.0,False,False,False,1,False,-1.27017,0.975481,79.147,import
pair_0008,finfet,medium,False,False,42,560.1699871690776,503.6647062453023,560.0617,503.711,0.11776766411392763,348.33283300031326,0.9348137378692627,5.2362494468688965,1.0,False,False,False,1,False,0.63088,0.993663,60.176,import
pair_0009,finfet,medium,False,False,42,517.1483171244103,496.628773229862,517.169,496.5887,0.045095954300059624,352.68087499935064,0.8738833069801331,4.8108015060424805,1.0,False,False,False,1,False,0.78302,1.024642,17.505,import
pair_0010,finfet,medium,False,False,42,439.1699149198123,433.36636657931246,439.13,433.353,0.04209354185785022,382.4383749997651,0.7210005521774292,4.907179355621338,1.0,False,False,False,1,False,0.19551,0.986052,90.261,import
pair_0011,finfet,medium,False,False,42,497.3109410141075,489.17608154160285,497.3373,489.0393,0.13929819187817027,344.855416999053,0.8800793886184692,4.260483264923096,1.0,False,False,False,1,False,1.23713,1.010607,11.279,import
pair_0012,finfet,medium,False,False,42,369.60992686505375,466.94810279350065,369.5956,466.9387,0.01713684883182722,346.52462500162073,0.8803394436836243,5.185227394104004,1.0,False,False,False,1,False,0.85816,1.014802,134.53,import
pair_0013,finfet,medium,False,False,42,503.5063484344666,569.6072267151739,503.4795,569.6072,0.0268484477578989,382.43879100264166,0.932381272315979,4.5349040031433105,1.0,False,False,False,1,False,0.43193,0.984886,69.694,import
pair_0014,finfet,medium,False,False,42,62.61652675201124,500.698275214106,379.91,505.5326,317.33029931273137,347.55020899683586,0.8732628226280212,4.647694110870361,1.0,False,False,False,3,False,-0.8785,1.010025,120.217,import
pair_0015,finfet,medium,False,False,42,629.8992541801997,513.8639951459934,629.7783,514.0547,0.22582793239431184,384.54454200109467,0.8158606290817261,4.781257152557373,1.0,False,False,False,1,False,1.03007,0.987078,130.537,import
pair_0016,finfet,medium,False,False,42,266.7285207030647,646.8391707047782,266.7391,646.8213,0.020767368945465974,357.7535420008644,0.8879402875900269,4.339911460876465,1.0,False,False,False,1,False,-0.93759,1.010185,275.621,import
pair_0017,finfet,medium,False,False,42,903.3110671367416,491.753790235127,505.9905,501.5366,397.4409848477604,383.72954199803644,0.9033767580986023,4.20309591293335,1.0,False,False,False,2,False,1.43234,0.991702,6.184,import
pair_0018,finfet,medium,False,False,42,739.1159269723107,543.9851963069066,739.1384,543.9924,0.023599367951479214,352.615917003277,0.8903989195823669,5.002436637878418,1.0,False,False,False,1,False,1.07165,1.028816,243.151,import
pair_0019,finfet,medium,False,False,42,567.7202003378192,451.3635103647325,567.7467,451.4362,0.07736934257842257,346.4060000005702,0.9223626255989075,4.278467178344727,1.0,False,False,False,3,False,0.33048,1.007787,83.355,import
pair_0020,finfet,medium,False,False,42,536.7629237952358,520.7666821165319,536.7556,520.5775,0.1893238262664132,421.37320899928454,0.6656197309494019,5.000720024108887,1.0,False,False,False,1,False,1.88038,0.971983,42.124,import
pair_0021,finfet,medium,False,False,42,626.493474046425,511.7278645654119,626.4984,511.7053,0.023095987332190728,351.98141599903465,0.8974285125732422,4.173106670379639,1.0,False,False,False,1,False,-1.35549,1.001105,127.039,import
pair_0022,finfet,medium,False,False,42,346.437900648427,426.114143490002,486.941,426.1028,140.5030998094802,433.57204199855914,0.8408705592155457,3.928443670272827,0.7030354489492676,False,False,False,5,False,0.03521,0.97116,75.042,import
pair_0023,finfet,medium,False,False,42,641.7936752492108,530.3839952339176,641.861,530.2708,0.13170339042901125,355.80204100187984,0.7831422090530396,4.621000289916992,1.0,False,False,False,2,False,-0.16294,1.026367,145.055,import
pair_0024,finfet,medium,False,False,42,488.9889405867084,612.9873166996475,488.8137,612.892,0.19948567984092086,419.1410839994205,0.8315291404724121,3.9978418350219727,1.0,False,False,False,1,False,0.08584,0.970551,113.445,import
pair_0025,finfet,medium,False,False,42,521.0529480308217,554.8636633061778,521.1065,554.931,0.08603513083491698,346.77120899868896,0.861858606338501,4.80631160736084,1.0,False,False,False,1,False,-1.91347,0.992594,58.846,import
pair_0026,finfet,medium,False,False,42,376.26493792075905,580.2364811631895,376.2805,580.3392,0.10389098972480931,358.8270000000193,0.9282426238059998,4.797774314880371,1.0,False,False,False,1,False,0.73123,0.993111,147.516,import
pair_0027,finfet,medium,False,False,42,691.3695128038185,417.2884189397095,691.3716,417.2697,0.0188349433699309,354.0455000002112,0.8880234360694885,4.636808395385742,1.0,False,False,False,1,False,1.82411,1.028144,208.488,import
pair_0028,finfet,medium,False,False,42,210.123687094182,549.0439596518204,210.007,549.161,0.1652704482072657,351.13358400121797,0.8527477979660034,5.438498020172119,1.0,False,False,False,1,False,-1.52726,1.028438,294.131,import
pair_0029,finfet,medium,False,False,42,566.2922608997136,419.29198666199454,391.1863,413.0464,175.2173076364447,419.17983399980585,0.7925536036491394,5.359034538269043,0.17529852955689332,True,True,False,8,True,-1.97542,0.975951,139.289,import
pair_0030,finfet,medium,False,False,42,452.5947713799626,497.3412442488676,452.5823,497.4161,0.07588754045139426,419.47158399852924,0.8912748694419861,3.8402090072631836,1.0,False,False,False,2,False,0.64033,0.973016,47.488,import
pair_0001,finfet,high,False,False,42,572.9920446612308,383.9469262096329,573.0275,384.0805,0.13819927105546415,420.19783399882726,0.7086767554283142,4.397648334503174,1.0,False,False,False,1,False,-1.93631,0.971435,137.005,import
pair_0002,finfet,high,False,False,42,542.4257085151683,577.1901476626232,542.4033,577.2934,0.10565598291543656,349.2073330016865,0.8613812923431396,4.780995845794678,1.0,False,False,False,1,False,1.40534,0.992523,88.161,import
pair_0003,finfet,high,False,False,42,701.5763754698839,438.57174861046934,701.5831,438.3854,0.1864699008664242,348.6250830028439,0.9334947466850281,5.11788272857666,1.0,False,False,False,1,False,-1.00043,1.000382,210.789,import
pair_0004,finfet,high,False,False,42,540.2294978121317,502.5312235222402,540.2006,502.5437,0.03147611861858175,423.52566699992167,0.9286568760871887,4.464582443237305,1.0,False,False,False,1,False,-1.11889,0.976763,40.281,import
pair_0005,finfet,high,False,False,42,499.37704261816884,480.79770093884014,499.3634,480.8961,0.09934030535306893,349.9501250007597,0.8029880523681641,5.150217056274414,1.0,False,False,False,1,False,0.42469,0.990057,19.115,import
pair_0006,finfet,high,False,False,42,804.1043882215372,539.3274687970422,804.0496,539.3429,0.05691986686497013,355.86029200203484,0.9113730192184448,5.090694427490234,1.0,False,False,False,1,False,1.60359,0.994514,306.584,import
pair_0007,finfet,high,False,False,42,539.1698673607996,568.7311320066174,539.1626,568.7785,0.04792224254027183,420.9089580035652,0.8075560331344604,4.643168926239014,1.0,False,False,False,1,False,-1.27017,0.975481,79.147,import
pair_0008,finfet,high,False,False,42,560.1858011649797,503.6619474670945,560.0617,503.711,0.1334438089001219,346.43050000158837,0.9299002289772034,5.232837677001953,1.0,False,False,False,1,False,0.63088,0.993663,60.176,import
pair_0009,finfet,high,False,False,42,517.1604664789699,496.5987787999341,517.169,496.5887,0.013206179965574702,351.7345000000205,0.8630450367927551,4.787542343139648,1.0,False,False,False,1,False,0.78302,1.024642,17.505,import
pair_0010,finfet,high,False,False,42,439.17596804594876,433.37277727682596,439.13,433.353,0.05004200162861485,382.4603329994716,0.7106244564056396,4.9033122062683105,1.0,False,False,False,1,False,0.19551,0.986052,90.261,import
pair_0011,finfet,high,False,False,42,497.313056178742,489.12001396272245,497.3373,489.0393,0.08427637063583818,350.1699999978882,0.8729715347290039,4.280705451965332,1.0,False,False,False,1,False,1.23713,1.010607,11.279,import
pair_0012,finfet,high,False,False,42,369.5939945852107,466.89969795765114,369.5956,466.9387,0.03903506966852386,346.996708001825,0.8702692985534668,5.162750720977783,1.0,False,False,False,1,False,0.85816,1.014802,134.53,import
pair_0013,finfet,high,False,False,42,503.52231750336904,569.5686861710905,503.4795,569.6072,0.05759039513699905,381.6702500007523,0.9250405430793762,4.533131122589111,1.0,False,False,False,1,False,0.43193,0.984886,69.694,import
pair_0014,finfet,high,False,False,42,62.61747590400414,500.72344463745736,379.91,505.5326,317.3289678275672,348.0094160004228,0.8622613549232483,4.617130756378174,1.0,False,False,False,3,False,-0.8785,1.010025,120.217,import
pair_0015,finfet,high,False,False,42,629.8561173266464,513.8317233293434,629.7783,514.0547,0.23616547585013947,380.6622919983056,0.8020548820495605,4.739867687225342,1.0,False,False,False,1,False,1.03007,0.987078,130.537,import
pair_0016,finfet,high,False,False,42,266.6916845462521,646.8449536610034,266.7391,646.8213,0.052987931956131745,348.78262499842094,0.8785769939422607,4.322094917297363,1.0,False,False,False,1,False,-0.93759,1.010185,275.621,import
pair_0017,finfet,high,False,False,42,903.3180716101062,491.7593337250538,505.9905,501.5366,397.44785078975497,393.849833002605,0.8966356515884399,4.1891913414001465,1.0,False,False,False,2,False,1.43234,0.991702,6.184,import
pair_0018,finfet,high,False,False,42,739.1354206028699,543.9800014480045,739.1384,543.9924,0.012751505748108646,353.96845799914445,0.8887141346931458,5.0267438888549805,1.0,False,False,False,1,False,1.07165,1.028816,243.151,import
pair_0019,finfet,high,False,False,42,326.02194490396005,452.83973129427096,567.7467,451.4362,241.7288297376515,359.56070899919723,0.9151630997657776,4.287951946258545,1.0,False,False,False,3,False,0.33048,1.007787,83.355,import
pair_0020,finfet,high,False,False,42,536.7261636940764,520.633866615266,536.7556,520.5775,0.06359002612812198,420.52354099723743,0.6536540985107422,5.001430511474609,1.0,False,False,False,1,False,1.88038,0.971983,42.124,import
pair_0021,finfet,high,False,False,42,626.4747456065502,511.72932498199515,626.4984,511.7053,0.033715428061084914,345.74754200002644,0.8875746130943298,4.1517744064331055,1.0,False,False,False,1,False,-1.35549,1.001105,127.039,import
pair_0022,finfet,high,False,False,42,346.40706004369116,426.1332696227068,486.941,426.1028,140.533943259418,421.68108400073834,0.8336548209190369,3.962362051010132,0.13145996530150886,True,False,False,5,False,0.03521,0.97116,75.042,import
pair_0023,finfet,high,False,False,42,641.8107275986285,530.4040671693997,641.861,530.2708,0.1424340295696801,349.869415997091,0.7788523435592651,4.667113780975342,1.0,False,False,False,2,False,-0.16294,1.026367,145.055,import
pair_0024,finfet,high,False,False,42,489.0028619451398,612.8816971858015,488.8137,612.892,0.18944231171911718,423.19100000167964,0.8252249956130981,4.007975101470947,1.0,False,False,False,1,False,0.08584,0.970551,113.445,import
pair_0025,finfet,high,False,False,42,521.035910796497,554.8230043933997,521.1065,554.931,0.12901893929247327,347.019041000749,0.8554571270942688,4.824978351593018,1.0,False,False,False,1,False,-1.91347,0.992594,58.846,import
pair_0026,finfet,high,False,False,42,376.3053353340741,580.1641022977224,376.2805,580.3392,0.17685021674139634,346.9649170001503,0.9254359602928162,4.815299987792969,1.0,False,False,False,1,False,0.73123,0.993111,147.516,import
pair_0027,finfet,high,False,False,42,691.361263920259,417.2439776652796,691.3716,417.2697,0.027721346429758487,362.07820900017396,0.8812738060951233,4.659022331237793,1.0,False,False,False,1,False,1.82411,1.028144,208.488,import
pair_0028,finfet,high,False,False,42,210.11920224464342,549.0392037713455,210.007,549.161,0.16560092094392725,351.67974999785656,0.8457015752792358,5.457602500915527,1.0,False,False,False,1,False,-1.52726,1.028438,294.131,import
pair_0029,finfet,high,False,False,42,566.2693296176506,419.3253819267418,391.1863,413.0464,175.1955846308104,423.26683400096954,0.7756996154785156,5.326238632202148,0.45340959300898426,True,True,False,8,True,-1.97542,0.975951,139.289,import
pair_0030,finfet,high,False,False,42,452.59145352987605,497.3561258202624,452.5823,497.4161,0.060668685039230986,422.0097910001641,0.8847755193710327,3.8378489017486572,1.0,False,False,False,2,False,0.64033,0.973016,47.488,import
pair_0001,dram,medium,True,False,42,529.5909844348407,514.4069137137412,573.0275,384.0805,137.37432436932156,421.2031669994758,0.8791682720184326,2.1163859367370605,0.08454868882972458,True,True,True,232,True,-1.93631,0.971435,137.005,import
pair_0002,dram,medium,True,False,42,510.6301260545419,510.26733874717166,542.4033,577.2934,74.17565280896578,376.1533340002643,0.9391721487045288,2.1136045455932617,0.022334153293506697,True,True,True,386,True,1.40534,0.992523,88.161,import
pair_0003,dram,medium,True,False,42,484.0188195941772,480.99386910265076,701.5831,438.3854,221.6973110973045,346.5889170001901,0.9553589224815369,2.193840503692627,0.1125321169779728,True,True,True,226,True,-1.00043,1.000382,210.789,import
pair_0004,dram,medium,True,False,42,496.4522554854801,523.3419765267204,540.2006,502.5437,48.440540399989864,422.40058400057023,0.9426907896995544,2.113105058670044,0.14710728060568545,True,True,True,248,True,-1.11889,0.976763,40.281,import
pair_0005,dram,medium,True,False,42,499.6369816044048,515.3713591474551,499.3634,480.8961,34.47634464641599,347.51020899784635,0.9160088896751404,2.1078667640686035,0.3217791980974323,True,True,True,201,True,0.42469,0.990057,19.115,import
pair_0006,dram,medium,True,False,42,501.4397098473929,508.4339372257061,804.0496,539.3429,304.18433489901423,349.86833399671013,0.9204853177070618,2.1062963008880615,0.03452042071225243,True,True,True,490,True,1.60359,0.994514,306.584,import
pair_0007,dram,medium,True,False,42,495.47011550558994,482.35887302369986,539.1626,568.7785,96.83689962001637,430.05270899811876,0.9158819317817688,2.1254324913024902,0.13831098782555093,True,True,True,342,True,-1.27017,0.975481,79.147,import
pair_0008,dram,medium,True,False,42,498.4583780920424,504.3569569541128,560.0617,503.711,61.606708486024594,345.99508400060586,0.9503193497657776,2.130289077758789,0.3372253273103131,True,True,True,265,True,0.63088,0.993663,60.176,import
pair_0009,dram,medium,True,False,42,517.509665730768,519.4822687881315,517.169,496.5887,22.896103271015935,349.96049999972456,0.9379032254219055,2.0899980068206787,0.04811758471139183,True,True,True,207,True,0.78302,1.024642,17.505,import
pair_0010,dram,medium,True,False,42,479.52313417304083,469.46430264156163,439.13,433.353,54.18146792762018,381.9563750002999,0.9011379480361938,2.1000478267669678,0.12234825782296314,True,True,True,66,True,0.19551,0.986052,90.261,import
pair_0011,dram,medium,True,False,42,497.70215420414195,506.50469583158423,497.3373,489.0393,17.469206339848384,347.35100000034436,0.9127768874168396,2.0879480838775635,0.16604394724000554,True,True,True,214,True,1.23713,1.010607,11.279,import
pair_0012,dram,medium,True,False,42,488.48893696373045,481.3809955157757,369.5956,466.9387,119.76729718139318,350.6283750029979,0.9419594407081604,2.119861364364624,0.21528076669249088,True,True,True,312,True,0.85816,1.014802,134.53,import
pair_0013,dram,medium,True,False,42,478.405612113484,514.3778027087287,503.4795,569.6072,60.65464680387365,384.1527499971562,0.9332485198974609,2.146287679672241,0.13511712054846695,True,True,True,422,True,0.43193,0.984886,69.694,import
pair_0014,dram,medium,True,False,42,493.4163998779025,507.28934440459506,379.91,505.5326,113.51999367576346,346.46237500055577,0.9450762271881104,2.0935635566711426,0.3584283971396258,True,True,True,362,True,-0.8785,1.010025,120.217,import
pair_0015,dram,medium,True,False,42,481.5162947618135,479.7457056439445,629.7783,514.0547,152.17992407335424,575.6014170001436,0.9290651082992554,2.1056268215179443,0.001491698971464351,True,True,True,178,True,1.03007,0.987078,130.537,import
pair_0016,dram,medium,True,False,42,507.3802166343539,525.4629944887848,266.7391,646.8213,269.5106404793365,431.05341699993005,0.9476630687713623,2.112496852874756,0.07153957378954338,True,True,True,245,True,-0.93759,1.010185,275.621,import
pair_0017,dram,medium,True,False,42,505.5031053281872,481.6627380008675,505.9905,501.5366,19.879837633307673,376.05750000147964,0.9427428841590881,2.0808889865875244,0.15763943285448392,True,True,True,581,True,1.43234,0.991702,6.184,import
pair_0018,dram,medium,True,False,42,505.5318915871042,507.261343638104,739.1384,543.9924,236.4765765870378,373.8632079985109,0.941250741481781,2.0766115188598633,0.2882324990847413,True,True,True,425,True,1.07165,1.028816,243.151,import
pair_0019,dram,medium,True,False,42,503.4946684830042,490.50082427909257,567.7467,451.4362,75.19553460231329,390.0416659998882,0.9291880130767822,2.1013906002044678,0.11587169848166773,True,True,True,137,True,0.33048,1.007787,83.355,import
pair_0020,dram,medium,True,False,42,510.57794995116586,521.3852609753699,536.7556,520.5775,26.190109581148267,434.73116700261016,0.8697209358215332,2.116105079650879,0.0596656345767308,True,True,True,298,True,1.88038,0.971983,42.124,import
pair_0021,dram,medium,True,False,42,523.9447453517023,489.91935697005425,626.4984,511.7053,104.84216420613582,344.88320799937355,0.9410158395767212,2.0898759365081787,0.2048436261319101,True,True,True,418,True,-1.35549,1.001105,127.039,import
pair_0022,dram,medium,True,False,42,510.4397586670316,496.27290296316926,486.941,426.1028,74.00023654525145,480.0002919982944,0.8977749347686768,2.1363275051116943,0.03747773622910003,True,True,True,476,True,0.03521,0.97116,75.042,import
pair_0023,dram,medium,True,False,42,481.4129351662892,476.311278434473,641.861,530.2708,169.27850270032295,384.63041599970893,0.9044062495231628,2.116886615753174,0.0003568521182518707,True,True,True,220,True,-0.16294,1.026367,145.055,import
pair_0024,dram,medium,True,False,42,488.6973374458351,517.5129834387776,488.8137,612.892,95.37908754244799,470.59250000165775,0.90498286485672,2.1033341884613037,0.0568119187801272,True,True,True,276,True,0.08584,0.970551,113.445,import
pair_0025,dram,medium,True,False,42,486.60136024487224,479.74655589469216,521.1065,554.931,82.72427276770138,352.5338750005176,0.9184579253196716,2.090290069580078,0.0463635411808378,True,True,True,214,True,-1.91347,0.992594,58.846,import
pair_0026,dram,medium,True,False,42,508.53282739074484,467.23229674085275,376.2805,580.3392,174.02255504716294,350.4869589996815,0.9525771141052246,2.166691780090332,2.0325616374316552e-05,True,True,True,255,True,0.73123,0.993111,147.516,import
pair_0027,dram,medium,True,False,42,485.3353347080394,498.37386778563126,691.3716,417.2697,221.42454391430724,356.14258400164545,0.9189703464508057,2.1370387077331543,0.14035214269320306,True,True,True,558,True,1.82411,1.028144,208.488,import
pair_0028,dram,medium,True,False,42,476.5332119168545,516.4574066626162,210.007,549.161,268.525132261256,354.60295799930464,0.9355302453041077,2.1174747943878174,0.013394244934921,True,True,True,342,True,-1.52726,1.028438,294.131,import
pair_0029,dram,medium,True,False,42,504.3890949374029,519.2835386516765,391.1863,413.0464,155.24561961786628,421.9078329988406,0.9167613983154297,2.1168203353881836,0.06997686524002314,True,True,True,316,True,-1.97542,0.975951,139.289,import
pair_0030,dram,medium,True,False,42,510.4737607768685,496.7893534085161,452.5823,497.4161,57.89485333058238,448.24579199848813,0.9314954280853271,2.137789249420166,0.0322137666647594,True,True,True,364,True,0.64033,0.973016,47.488,import
